{"cameraMode":{"drawMode":0,"name":"Shaded","section":"Shading Mode"},"sceneLighting":true,"audioPlay":false,"sceneViewState":{"showFog":false,"showMaterialUpdate":false,"showSkybox":false,"showFlares":false,"showImageEffects":false,"showParticleSystems":false},"in2DMode":false,"pivot":{"x":1.3166844844818116,"y":0.6913769245147705,"z":-20.13330841064453},"rotation":{"x":0.3681055009365082,"y":-0.409787118434906,"z":0.1853746771812439,"w":0.813762366771698},"size":9.658398628234864,"orthographic":false}